"Data","Abertura","Máxima","Mínima","Fechamento"
"3/1/2017","124.2","124.2","124.2","124.2"
"3/2/2017","123.5","123.5","121.5","123.5"
"3/3/2017","123,799","123.8","123","123.7"
"3/4/2017","122,999","123","121.5","121.7"
"3/5/2017","122,999","123","121.5","121.7"
"3/6/2017","122,999","123","121.5","121.7"
"3/7/2017","121.65","121.65","120.8","120.8"
"3/8/2017","121.77","122.4","121","122.4"
"3/9/2017","122","122.6","121.7","121.7"
"3/10/2017","121","121","120.51","120.75"
"3/11/2017","120,799","121.15","120.5","120.5"
"3/12/2017","120,799","121.15","120.5","120.5"
"3/13/2017","120,799","121.15","120.5","120.5"
"3/14/2017","121.3","121.8","121.3","121.8"
"3/15/2017","121","121","121","121"
"3/16/2017","121.5","122","121.5","122"
"3/17/2017","121.89","122","121","121.45"
"3/18/2017","122","122","120,201","121"
"3/19/2017","122","122","120,201","121"
"3/20/2017","122","122","120,201","121"
"3/21/2017","121.8","121.8","121","121"
"3/22/2017","122.6","123.2","122","122.6"
"3/23/2017","123,901","124.2","123,901","124.2"
"3/24/2017","124","124","123.5","123.5"
"3/25/2017","124","125.5","124","125.5"
"3/26/2017","124","125.5","124","125.5"
"3/27/2017","124","125.5","124","125.5"
"3/28/2017","125,201","126.49","124","125.41"
"3/29/2017","124,801","125.3","124,801","125.1"
"3/30/2017","124.5","124.5","124.5","124.5"
"3/31/2017","125.96","126","125","125"
"4/1/2017","124","124","123.9","123.9"
"4/2/2017","124","124","123.9","123.9"
"4/3/2017","124","124","123.9","123.9"
"4/4/2017","126","127","124.5","124.5"
"4/5/2017","123,499","124.3","123,499","124.3"
"4/6/2017","126.5","126.5","125,013","126.45"
"4/7/2017","126.5","127.5","126.5","127.5"
"4/8/2017","124,999","126.7","124,999","126"
"4/9/2017","124,999","126.7","124,999","126"
"4/10/2017","124,999","126.7","124,999","126"
"4/11/2017","127.48","127.8","126","127.5"
"4/12/2017","128.6","129.5","127.5","129.5"
"4/13/2017","128.49","129","128.49","129"
"4/14/2017","128","128.4","126.5","126.55"
"4/15/2017","128","128.4","126.5","126.55"
"4/16/2017","128","128.4","126.5","126.55"
"4/17/2017","128","128.4","126.5","126.55"
"4/18/2017","127","128.6","127","128.6"
"4/19/2017","128.3","128.3","128","128"
"4/20/2017","128,751","130","128.3","128.3"
"4/21/2017","127","127.2","127","127.2"
"4/22/2017","127","127.2","127","127.2"
"4/23/2017","127","127.2","127","127.2"
"4/24/2017","127","127.2","127","127.2"
"4/25/2017","127,999","127,999","127,999","127,999"
"4/26/2017","127.51","129","127.5","129"
"4/27/2017","128.7","129.1","128.5","129.1"
"4/28/2017","129.1","129.1","128.8","129"
"4/29/2017","127.5","127.5","126","126.52"
"4/30/2017","127.5","127.5","126","126.52"
"5/1/2017","127.5","127.5","126","126.52"
"5/2/2017","127.5","127.5","126","126.52"
"5/3/2017","126.4","126.99","125.5","126"
"5/4/2017","125.19","125.9","124.4","124.6"
"5/5/2017","124.2","125.8","124.2","125.1"
"5/6/2017","125.8","125.8","124.7","124.7"
"5/7/2017","125.8","125.8","124.7","124.7"
"5/8/2017","125.8","125.8","124.7","124.7"
"5/9/2017","124","124.3","123.5","123.5"
"5/10/2017","123","123.51","122.9","123.5"
"5/11/2017","123","123.5","122.6","122.6"
"5/12/2017","123","123","122.51","122.8"
"5/13/2017","121,789","123","121.5","122.5"
"5/14/2017","121,789","123","121.5","122.5"
"5/15/2017","121,789","123","121.5","122.5"
"5/16/2017","121.5","122.8","121.3","122.8"
"5/17/2017","123","125.3","123","125.3"
"5/18/2017","133,001","134","132","133.99"
"5/19/2017","132,897","132,897","130","130"
"5/20/2017","131.4","132.99","131.4","132.99"
"5/21/2017","131.4","132.99","131.4","132.99"
"5/22/2017","131.4","132.99","131.4","132.99"
"5/23/2017","130,001","130.7","130,001","130.5"
"5/24/2017","130.9","131.5","130","131.5"
"5/25/2017","131","132","131","132"
"5/26/2017","131.99","131.99","131.6","131.6"
"5/27/2017","132","132.11","131.7","132.1"
"5/28/2017","132","132.11","131.7","132.1"
"5/29/2017","132","132.11","131.7","132.1"
"5/30/2017","132","132","131","131"
"5/31/2017","132","132","131","131"
"6/1/2017","131","131","130","130"
"6/2/2017","132","132","132","132"
"6/3/2017","133","135.08","133","135.08"
"6/4/2017","133","135.08","133","135.08"
"6/5/2017","133","135.08","133","135.08"
"6/6/2017","134.5","135.49","134.5","135.49"
"6/7/2017","135.68","135.69","134,001","134.9"
"6/8/2017","133.6","134.9","132.8","132.8"
"6/9/2017","132","133.36","132","133.36"
"6/10/2017","134","134.5","134","134"
"6/11/2017","134","134.5","134","134"
"6/12/2017","134","134.5","134","134"
"6/13/2017","134,551","135.5","134","134.5"
"6/14/2017","134.5","134.5","132.4","132.4"
"6/15/2017","131.6","134","131.4","134"
"6/16/2017","131.6","134","131.4","134"
"6/17/2017","133","133","131","131"
"6/18/2017","133","133","131","131"
"6/19/2017","133","133","131","131"
"6/20/2017","131","132,999","130.7","132,999"
"6/21/2017","131","133.2","131","133"
"6/22/2017","133.5","133.5","132.3","132.3"
"6/23/2017","133.5","134","133.5","134"
"6/24/2017","132.5","132.5","131.5","131.5"
"6/25/2017","132.5","132.5","131.5","131.5"
"6/26/2017","132.5","132.5","131.5","131.5"
"6/27/2017","132,001","133","132","132.6"
"6/28/2017","131.5","132","131.5","131.5"
"6/29/2017","130.85","131","130.85","131"
"6/30/2017","131.05","131.5","131.05","131.5"
"7/1/2017","130","130.4","128.3","130.4"
"7/2/2017","130","130.4","128.3","130.4"
"7/3/2017","130","130.4","128.3","130.4"
"7/4/2017","129","129","128.5","129"
"7/5/2017","128,005","128,005","128,005","128,005"
"7/6/2017","129","130","128,501","129"
"7/7/2017","128","128","127.1","127.1"
"7/8/2017","126,998","127","126.7","126.8"
"7/9/2017","126,998","127","126.7","126.8"
"7/10/2017","126,998","127","126.7","126.8"
"7/11/2017","126.1","127.15","126.1","126.8"
"7/12/2017","126,499","126.5","126","126"
"7/13/2017","124.11","125.43","124","125.4"
"7/14/2017","125.5","125.9","124","125"
"7/15/2017","125,229","126.4","125,229","126"
"7/16/2017","125,229","126.4","125,229","126"
"7/17/2017","125,229","126.4","125,229","126"
"7/18/2017","125.15","125.15","125.15","125.15"
"7/19/2017","125","125.48","125","125.48"
"7/20/2017","124","124","123.95","123.95"
"7/21/2017","124.5","125.5","124.5","125.3"
"7/22/2017","126","126.2","125.6","126.19"
"7/23/2017","126","126.2","125.6","126.19"
"7/24/2017","126","126.2","125.6","126.19"
"7/25/2017","126","127.5","126","127.5"
"7/26/2017","126","126","125.7","125.8"
"7/27/2017","127","127.5","127","127"
"7/28/2017","126,999","127.65","126.5","126.65"
"7/29/2017","126","126.7","126","126.7"
"7/30/2017","126","126.7","126","126.7"
"7/31/2017","126","126.7","126","126.7"
"8/1/2017","126.7","127","125.5","127"
"8/2/2017","126","126.5","125.5","125.51"
"8/3/2017","126.5","127","125.53","127"
"8/4/2017","126","126.3","124.51","125.3"
"8/5/2017","125,097","126.1","125,097","125.5"
"8/6/2017","125,097","126.1","125,097","125.5"
"8/7/2017","125,097","126.1","125,097","125.5"
"8/8/2017","125,801","126","125.5","126"
"8/9/2017","124.5","130","124.5","128.5"
"8/10/2017","129.49","130.5","128.85","130.5"
"8/11/2017","129,253","131","129,253","129.75"
"8/12/2017","131.2","131.2","129.3","129.4"
"8/13/2017","131.2","131.2","129.3","129.4"
"8/14/2017","131.2","131.2","129.3","129.4"
"8/15/2017","129.36","130.2","129.36","129.4"
"8/16/2017","129,399","129,399","128,002","129"
"8/17/2017","129,101","130.5","129,101","130.11"
"8/18/2017","130.95","131","129.5","129.5"
"8/19/2017","129.3","131.5","129.3","131.5"
"8/20/2017","129.3","131.5","129.3","131.5"
"8/21/2017","129.3","131.5","129.3","131.5"
"8/22/2017","129,999","131.49","129","130.85"
"8/23/2017","130.5","131","129.6","129.6"
"8/24/2017","129.5","129.61","129.5","129.6"
"8/25/2017","129.56","131","129.55","129.6"
"8/26/2017","130,901","132.4","130.51","132.4"
"8/27/2017","130,901","132.4","130.51","132.4"
"8/28/2017","130,901","132.4","130.51","132.4"
"8/29/2017","132.8","133","132.3","132.3"
"8/30/2017","132.3","133","131.55","132.9"
"8/31/2017","132","132","132","132"
"9/1/2017","132","133","132","132.6"
"9/2/2017","133","134.5","132.9","134.4"
"9/3/2017","133","134.5","132.9","134.4"
"9/4/2017","133","134.5","132.9","134.4"
"9/5/2017","133","133","133","133"
"9/6/2017","132.65","134","131.3","132"
"9/7/2017","132","134","132","132"
"9/8/2017","132","134","132","132"
"9/9/2017","131,999","131,999","131","131"
"9/10/2017","131,999","131,999","131","131"
"9/11/2017","131,999","131,999","131","131"
"9/12/2017","132","133","131","132.31"
"9/13/2017","132.75","133","132","133"
"9/14/2017","132.8","132.99","131.3","132"
"9/15/2017","131.4","131.7","131.4","131.6"
"9/16/2017","131.8","132","131","132"
"9/17/2017","131.8","132","131","132"
"9/18/2017","131.8","132","131","132"
"9/19/2017","131.98","131.99","131.2","131.99"
"9/20/2017","131.5","131.8","130.8","130.8"
"9/21/2017","130,999","132","129","131.7"
"9/22/2017","131","134.5","131","134.5"
"9/23/2017","130","137.99","129,001","135"
"9/24/2017","130","137.99","129,001","135"
"9/25/2017","130","137.99","129,001","135"
"9/26/2017","133","135.6","133","134"
"9/27/2017","134","135.99","134","134.27"
"9/28/2017","134.27","134.27","134","134"
"9/29/2017","135","135.98","133","133.1"
"9/30/2017","130.5","131.85","130.5","131"
"10/1/2017","130.5","131.85","130.5","131"
"10/2/2017","130.5","131.85","130.5","131"
"10/3/2017","130.5","131","129.5","131"
"10/4/2017","130","130","129","129"
"10/5/2017","129","129","127.1","127.1"
"10/6/2017","129.01","129.01","129","129"
"10/7/2017","130","132","130","132"
"10/8/2017","130","132","130","132"
"10/9/2017","130","132","130","132"
"10/10/2017","132","133","132","132,001"
"10/11/2017","132.5","132.5","130,501","130,501"
"10/12/2017","132","133.5","132","132.8"
"10/13/2017","132","133.5","132","132.8"
"10/14/2017","132","133.5","132","132.8"
"10/15/2017","132","133.5","132","132.8"
"10/16/2017","132","133.5","132","132.8"
"10/17/2017","130","131.5","129.5","131.5"
"10/18/2017","130,499","130.5","129","129.15"
"10/19/2017","130,001","131.7","130,001","131"
"10/20/2017","130,839","130,839","129.5","129.5"
"10/21/2017","129.9","131.8","129.9","131"
"10/22/2017","129.9","131.8","129.9","131"
"10/23/2017","129.9","131.8","129.9","131"
"10/24/2017","132","132","132","132"
"10/25/2017","131,001","132","130.6","130.6"
"10/26/2017","131.1","132","131.1","131.1"
"10/27/2017","132,999","133","132,999","133"
"10/28/2017","132,799","133.5","132","133.5"
"10/29/2017","132,799","133.5","132","133.5"
"10/30/2017","132,799","133.5","132","133.5"
"10/31/2017","133","133.5","133","133.5"
"11/1/2017","133","133","132.5","132.5"
"11/2/2017","133,501","134","133.5","133.5"
"11/3/2017","133,501","134","133.5","133.5"
"11/4/2017","133","134","133","134"
"11/5/2017","133","134","133","134"
"11/6/2017","133","134","133","134"
"11/7/2017","134,001","134,001","133.1","133.2"
"11/8/2017","133.2","133.2","132.9","133"
"11/9/2017","133.05","134","132,851","134"
"11/10/2017","133.4","133,503","133.2","133.2"
"11/11/2017","133.1","135","133.1","135"
"11/12/2017","133.1","135","133.1","135"
"11/13/2017","133.1","135","133.1","135"
"11/14/2017","133,101","135","133,101","134,501"
"11/15/2017","134.5","134.5","133","133.1"
"11/16/2017","134.5","134.5","133","133.1"
"11/17/2017","133.5","134,001","133.5","134,001"
"11/18/2017","133,844","133,899","131.5","131.5"
"11/19/2017","133,844","133,899","131.5","131.5"
"11/20/2017","133,844","133,899","131.5","131.5"
"11/21/2017","133,844","133,899","131.5","131.5"
"11/22/2017","133","133.15","132.75","133.15"
"11/23/2017","133","133.1","133","133.1"
"11/24/2017","135","135","133.5","133.5"
"11/25/2017","133","133.15","132.05","133"
"11/26/2017","133","133.15","132.05","133"
"11/27/2017","133","133.15","132.05","133"
"11/28/2017","132,899","133","132.7","133"
"11/29/2017","132.5","132.5","131.3","131.3"
"11/30/2017","133","133.5","132","132"
"12/1/2017","133.5","134.5","132","134.5"
"12/2/2017","131.6","133.2","131.6","132,005"
"12/3/2017","131.6","133.2","131.6","132,005"
"12/4/2017","131.6","133.2","131.6","132,005"
"12/5/2017","131","131.5","130.5","131.5"
"12/6/2017","130,999","131","129.8","130.5"
"12/7/2017","132","132","130.25","131.5"
"12/8/2017","129.9","132","129.9","132"
"12/9/2017","131","132.5","130.1","130.1"
"12/10/2017","131","132.5","130.1","130.1"
"12/11/2017","131","132.5","130.1","130.1"
"12/12/2017","131,401","131.5","130.5","131.5"
"12/13/2017","131","133","131","133"
"12/14/2017","132","133","132","132.6"
"12/15/2017","132.6","134","132","134"
"12/16/2017","132","132","132","132"
"12/17/2017","132","132","132","132"
"12/18/2017","132","132","132","132"
"12/19/2017","132.3","132.3","132","132.3"
"12/20/2017","132.15","132.3","132.15","132.3"
"12/21/2017","132","134,999","132","133,001"
"12/22/2017","132.5","136","132.5","135.75"
"12/23/2017","136.5","136.5","135,201","135.8"
"12/24/2017","136.5","136.5","135,201","135.8"
"12/25/2017","136.5","136.5","135,201","135.8"
"12/26/2017","136.5","136.5","135,201","135.8"
"12/27/2017","134,901","135.3","134","135"
"12/28/2017","135","136.1","134","135.3"
"12/29/2017","135.5","136.5","135.5","136.3"
"12/30/2017","135.5","136.5","135.5","136.3"
"12/31/2017","135.5","136.5","135.5","136.3"
"1/1/2018","135.5","136.5","135.5","136.3"
"1/2/2018","135.5","136.5","135.5","136.3"
"1/3/2018","136.11","138","136","136"
"1/4/2018","135.91","136","134.5","135.9"
"1/5/2018","135.9","137","135.9","136.7"
"1/6/2018","136","136","135","135.4"
"1/7/2018","136","136","135","135.4"
"1/8/2018","136","136","135","135.4"
"1/9/2018","135.4","136.2","135.4","136"
"1/10/2018","136.5","137","136.5","136.5"
"1/11/2018","136","136.5","135.2","135.2"
"1/12/2018","136.5","136.7","135","136.3"
"1/13/2018","137,499","137.5","137","137.5"
"1/14/2018","137,499","137.5","137","137.5"
"1/15/2018","137,499","137.5","137","137.5"
"1/16/2018","136.99","137.75","136,501","137.75"
"1/17/2018","137.75","138","137.5","137.72"
"1/18/2018","137.3","137.3","136.4","136.4"
"1/19/2018","137","137.5","136.4","136.4"
"1/20/2018","136,999","137.39","136.1","136.9"
"1/21/2018","136,999","137.39","136.1","136.9"
"1/22/2018","136,999","137.39","136.1","136.9"
"1/23/2018","136.8","138.8","136.8","138.8"
"1/24/2018","138.8","138.8","136.5","136.5"
"1/25/2018","135","137,395","135","136"
"1/26/2018","135","137,395","135","136"
"1/27/2018","138","138","136.9","136.9"
"1/28/2018","138","138","136.9","136.9"
"1/29/2018","138","138","136.9","136.9"
"1/30/2018","135.89","136","135","136"
"1/31/2018","135.89","136","135","136"
"2/1/2018","136","136.8","136","136.8"
"2/2/2018","136.05","137.8","136.01","137.5"
"2/3/2018","137,211","138","137,011","138"
"2/4/2018","137,211","138","137,011","138"
"2/5/2018","137,211","138","137,011","138"
"2/6/2018","140","140.5","136","136"
"2/7/2018","138,899","138,899","138","138.4"
"2/8/2018","137.5","138.5","136.3","138.5"
"2/9/2018","138","140","138","139.5"
"2/10/2018","140.5","140.5","139","139"
"2/11/2018","140.5","140.5","139","139"
"2/12/2018","140.5","140.5","139","139"
"2/13/2018","140.5","140.5","139","139"
"2/14/2018","140.5","140.5","139","139"
"2/15/2018","140.5","140.5","139.01","140"
"2/16/2018","139,501","139,501","139","139"
"2/17/2018","139,999","140","138.6","138.6"
"2/18/2018","139,999","140","138.6","138.6"
"2/19/2018","139,999","140","138.6","138.6"
"2/20/2018","140.5","140.5","138.5","138.5"
"2/21/2018","138.5","139","137.2","138.5"
"2/22/2018","138.5","139","138.5","138.6"
"2/23/2018","138.6","139","138","138.75"
"2/24/2018","139","140","139","139.1"
"2/25/2018","139","140","139","139.1"
"2/26/2018","139","140","139","139.1"
"2/27/2018","140","142","140","141"
"2/28/2018","140.5","141","140.5","141"
"3/1/2018","141.5","141.5","141","141"
"3/2/2018","140.8","141","138,502","139.01"
"3/3/2018","139.03","139.56","139","139.56"
"3/4/2018","139.03","139.56","139","139.56"
"3/5/2018","139.03","139.56","139","139.56"
"3/6/2018","142","143","139.7","139.7"
"3/7/2018","139","140.6","139","139.07"
"3/8/2018","139","140.1","138.55","140"
"3/9/2018","139.06","139.79","138.6","139.79"
"3/10/2018","139.5","139.79","139","139.52"
"3/11/2018","139.5","139.79","139","139.52"
"3/12/2018","139.5","139.79","139","139.52"
"3/13/2018","140","140.5","140","140.5"
"3/14/2018","140","140.9","140","140"
"3/15/2018","140.01","140.5","139.54","139.54"
"3/16/2018","139.5","141","139.5","141"
"3/17/2018","140.1","140.2","140.1","140.2"
"3/18/2018","140.1","140.2","140.1","140.2"
"3/19/2018","140.1","140.2","140.1","140.2"
"3/20/2018","140.5","140.5","139.6","139.7"
"3/21/2018","139,737","140.45","139,737","140"
"3/22/2018","140,151","140.8","140,151","140.8"
"3/23/2018","142","145","140.8","145"
"3/24/2018","142","144","142","144"
"3/25/2018","142","144","142","144"
"3/26/2018","142","144","142","144"
"3/27/2018","143.01","143.51","143","143.5"
"3/28/2018","143.5","143.51","143.5","143.5"
"3/29/2018","142.5","142.5","140","141.45"
"3/30/2018","144.13","144.13","141","141"
"3/31/2018","144.13","144.13","141","141"
"4/1/2018","144.13","144.13","141","141"
"4/2/2018","144.13","144.13","141","141"
"4/3/2018","142,649","142.68","141.5","142.68"
"4/4/2018","142.61","143.3","142.61","143.29"
"4/5/2018","142.5","142.5","140.8","141.5"
"4/6/2018","143.24","144.99","143","144.99"
"4/7/2018","143","146","143","146"
"4/8/2018","143","146","143","146"
"4/9/2018","143","146","143","146"
"4/10/2018","146","146.9","145.5","146"
"4/11/2018","146","147.5","146","146.51"
"4/12/2018","146","146","146","146"
"4/13/2018","146.5","148","145.05","148"
"4/14/2018","148.1","148.43","148","148"
"4/15/2018","148.1","148.43","148","148"
"4/16/2018","148.1","148.43","148","148"
"4/17/2018","148","148","146,811","147.1"
"4/18/2018","146","146","145","145.3"
"4/19/2018","145.4","147","145.4","146,301"
"4/20/2018","147","147.4","146","146"
"4/21/2018","144.5","146.5","144.01","146"
"4/22/2018","144.5","146.5","144.01","146"
"4/23/2018","144.5","146.5","144.01","146"
"4/24/2018","147","148.7","147","148.7"
"4/25/2018","148,601","149.5","148.5","149.2"
"4/26/2018","148.99","148,999","147.5","148"
"4/27/2018","147","148.5","145","147.4"
"4/28/2018","145","149","145","148,011"
"4/29/2018","145","149","145","148,011"
"4/30/2018","145","149","145","148,011"
"5/1/2018","145","149","145","148,011"
"5/2/2018","145","149","145","148,011"
"5/3/2018","149.49","149.5","149","149"
"5/4/2018","149.99","149.99","148","148.98"
"5/5/2018","148","149.5","148","149.5"
"5/6/2018","148","149.5","148","149.5"
"5/7/2018","148","149.5","148","149.5"
"5/8/2018","149.79","150.51","149.5","150.51"
"5/9/2018","150","151","150","151"
"5/10/2018","151,999","152","150","150"
"5/11/2018","149.5","152.2","149.5","151"
"5/12/2018","154.07","154.2","152","154.2"
"5/13/2018","154.07","154.2","152","154.2"
"5/14/2018","154.07","154.2","152","154.2"
"5/15/2018","153.8","153.8","151.11","153"
"5/16/2018","154,199","154.2","152","152.65"
"5/17/2018","152.61","153.69","152.6","153.69"
"5/18/2018","153","155","153","155"
"5/19/2018","153","153.8","153","153.5"
"5/20/2018","153","153.8","153","153.5"
"5/21/2018","153","153.8","153","153.5"
"5/22/2018","152","152.5","150","150.1"
"5/23/2018","150.6","152","150.6","152"
"5/24/2018","152","153.65","151,999","153"
"5/25/2018","154.5","154.5","152.2","152.2"
"5/26/2018","154","154","153.05","153.3"
"5/27/2018","154","154","153.05","153.3"
"5/28/2018","154","154","153.05","153.3"
"5/29/2018","153.3","156","153.3","156"
"5/30/2018","156","156.2","156","156.2"
"5/31/2018","153.5","155,996","153.5","155.5"
"6/1/2018","153.5","155,996","153.5","155.5"
"6/2/2018","155","155.1","155","155.1"
"6/3/2018","155","155.1","155","155.1"
"6/4/2018","155","155.1","155","155.1"
"6/5/2018","155.7","158","155.6","157.51"
"6/6/2018","158,001","159.4","158,001","159.39"
"6/7/2018","162.1","165.4","162","163"
"6/8/2018","158.01","159.6","155","157.4"
"6/9/2018","157.4","157.4","153.9","157"
"6/10/2018","157.4","157.4","153.9","157"
"6/11/2018","157.4","157.4","153.9","157"
"6/12/2018","155.6","159,492","155.6","158"
"6/13/2018","157.9","158.4","157.9","158"
"6/14/2018","158","162.01","158","162.01"
"6/15/2018","156.99","157.5","154.8","156"
"6/16/2018","155.8","156","155.3","155.8"
"6/17/2018","155.8","156","155.3","155.8"
"6/18/2018","155.8","156","155.3","155.8"
"6/19/2018","155.6","159.5","155.2","159.5"
"6/20/2018","155.6","157.6","155","157.6"
"6/21/2018","156","156.8","155.3","155.3"
"6/22/2018","155","157.95","155","157.95"
"6/23/2018","154.51","156.5","154.51","155.5"
"6/24/2018","154.51","156.5","154.51","155.5"
"6/25/2018","154.51","156.5","154.51","155.5"
"6/26/2018","153.83","154.8","153.83","154.5"
"6/27/2018","155.5","156.8","155.5","156.48"
"6/28/2018","154","156.3","153","156.3"
"6/29/2018","153.1","156.65","152","156.65"
"6/30/2018","156","157.5","156","157.5"
"7/1/2018","156","157.5","156","157.5"
"7/2/2018","156","157.5","156","157.5"
"7/3/2018","156","157","154.05","154.05"
"7/4/2018","155","158","155","157,499"
"7/5/2018","156","159","152,252","159"
"7/6/2018","156,501","156.8","153","153"
"7/7/2018","153.5","154.5","153.5","153.7"
"7/8/2018","153.5","154.5","153.5","153.7"
"7/9/2018","153.5","154.5","153.5","153.7"
"7/10/2018","153.5","154.5","153.5","153.7"
"7/11/2018","155","155","153","154"
"7/12/2018","153.5","154.9","152.8","154.9"
"7/13/2018","154.5","154.5","152","153.9"
"7/14/2018","154.5","154.5","152,802","153"
"7/15/2018","154.5","154.5","152,802","153"
"7/16/2018","154.5","154.5","152,802","153"
"7/17/2018","152.5","152.5","150.2","150.5"
"7/18/2018","154","154","149.8","150.05"
"7/19/2018","149.51","151.6","148.99","151"
"7/20/2018","149.25","149.25","148.5","148.9"
"7/21/2018","148.7","149.3","147.7","147.7"
"7/22/2018","148.7","149.3","147.7","147.7"
"7/23/2018","148.7","149.3","147.7","147.7"
"7/24/2018","147.25","147.5","146.45","147.45"
"7/25/2018","146.85","147","144","144"
"7/26/2018","145.5","147.25","144,501","146"
"7/27/2018","144.36","144.99","144.15","144.99"
"7/28/2018","145,612","146.5","145,612","146.5"
"7/29/2018","145,612","146.5","145,612","146.5"
"7/30/2018","145,612","146.5","145,612","146.5"
"7/31/2018","144.56","146.1","144.56","146.1"
"8/1/2018","146.1","146.1","146.1","146.1"
"8/2/2018","146.15","147","146.15","147"
"8/3/2018","145","146","143.5","143.5"
"8/4/2018","144","144","142.5","143.5"
"8/5/2018","144","144","142.5","143.5"
"8/6/2018","144","144","142.5","143.5"
"8/7/2018","143.5","146.5","143.5","146.5"
"8/8/2018","143.8","147","143.8","146.9"
"8/9/2018","146,201","147.99","146,201","147"
"8/10/2018","148.4","149.5","148.4","149"
"8/11/2018","150","150","148","149"
"8/12/2018","150","150","148","149"
"8/13/2018","150","150","148","149"
"8/14/2018","147.41","148.5","147.1","147.5"
"8/15/2018","148,999","148,999","146.5","147.2"
"8/16/2018","145.15","147.1","145.15","147.1"
"8/17/2018","147.5","147.5","147.15","147.15"
"8/18/2018","149.3","150.7","148.5","150.7"
"8/19/2018","149.3","150.7","148.5","150.7"
"8/20/2018","149.3","150.7","148.5","150.7"
"8/21/2018","151.7","153","151","153"
"8/22/2018","155.64","156.35","154.26","154.9"
"8/23/2018","155.01","156","154.11","155.5"
"8/24/2018","155.1","157.7","155","157.2"
"8/25/2018","160","160","156.7","158"
"8/26/2018","160","160","156.7","158"
"8/27/2018","160","160","156.7","158"
"8/28/2018","156.1","159.5","156.1","158"
"8/29/2018","158","158.7","158","158,001"
"8/30/2018","159.5","160.5","158.1","158.2"
"8/31/2018","157","158","157","157"
"9/1/2018","157,701","158","157.7","158"
"9/2/2018","157,701","158","157.7","158"
"9/3/2018","157,701","158","157.7","158"
"9/4/2018","160","160","158.5","158.5"
"9/5/2018","157.5","158.2","156.5","158.2"
"9/6/2018","159.01","159.5","154","154"
"9/7/2018","153.25","156.43","153.25","156.43"
"9/8/2018","153.25","156.43","153.25","156.43"
"9/9/2018","153.25","156.43","153.25","156.43"
"9/10/2018","153.25","156.43","153.25","156.43"
"9/11/2018","157.25","159.5","157.25","158.5"
"9/12/2018","158.3","159","158,101","158,101"
"9/13/2018","161.23","162","159,001","162"
"9/14/2018","159","159","158.5","158.5"
"9/15/2018","159","159","158.5","158.5"
"9/16/2018","159","159","158.5","158.5"
"9/17/2018","159","159","158.5","158.5"
"9/18/2018","159","159","158.5","158.5"
"9/19/2018","158.5","158.5","158","158.3"
"9/20/2018","159","159","156.5","156.51"
"9/21/2018","154.3","154.3","154.3","154.3"
"9/22/2018","155.5","155.5","155","155"
"9/23/2018","155.5","155.5","155","155"
"9/24/2018","155.5","155.5","155","155"
"9/25/2018","157","157","156.3","156.3"
"9/26/2018","154","155","154","154"
"9/27/2018","153,999","154","153.5","153.5"
"9/28/2018","154.3","154.8","154","154"
"9/29/2018","153.11","153.11","152","152"
"9/30/2018","153.11","153.11","152","152"
"10/1/2018","153.11","153.11","152","152"
"10/2/2018","151.5","151.5","150","150"
"10/3/2018","148","150","147","149.5"
"10/4/2018","151","151","148.6","151"
"10/5/2018","148,001","148.5","147,501","147,501"
"10/6/2018","143,001","143.74","142,001","142,001"
"10/7/2018","143,001","143.74","142,001","142,001"
"10/8/2018","143,001","143.74","142,001","142,001"
"10/9/2018","143.5","143,799","141.51","142.7"
"10/10/2018","141,521","143.5","141.3","143"
"10/11/2018","142.9","147,749","142.9","147.15"
"10/12/2018","146,451","147.5","146,451","147.5"
"10/13/2018","146,451","147.5","146,451","147.5"
"10/14/2018","146,451","147.5","146,451","147.5"
"10/15/2018","146,451","147.5","146,451","147.5"
"10/16/2018","148","148","144","145.5"
"10/17/2018","144.95","145","144","144,998"
"10/18/2018","143.5","145.52","143.5","145"
"10/19/2018","145","147.89","145","147.89"
"10/20/2018","144.6","145","144.5","145"
"10/21/2018","144.6","145","144.5","145"
"10/22/2018","144.6","145","144.5","145"
"10/23/2018","144,991","146,999","144,991","146.7"
"10/24/2018","147.5","147.5","147.5","147.5"
"10/25/2018","146","146","145","145.2"
"10/26/2018","144.95","145.5","144.5","145"
"10/27/2018","143","146","143","145.85"
"10/28/2018","143","146","143","145.85"
"10/29/2018","143","146","143","145.85"
"10/30/2018","145.5","148","145.5","145.56"
"10/31/2018","143.98","145.99","143.6","145.99"
"11/1/2018","144.1","146.5","144.1","146.5"
"11/2/2018","145","146","145","146"
"11/3/2018","145","146","145","146"
"11/4/2018","145","146","145","146"
"11/5/2018","145","146","145","146"
"11/6/2018","147","148.01","147","147"
"11/7/2018","148","148","147.11","147.11"
"11/8/2018","147.15","147.25","147","147.24"
"11/9/2018","146.31","147.4","145.6","145.6"
"11/10/2018","145","145","144","144.4"
"11/11/2018","145","145","144","144.4"
"11/12/2018","145","145","144","144.4"
"11/13/2018","145,999","147,899","145","147.5"
"11/14/2018","145.5","146","145.4","145.4"
"11/15/2018","144.5","149","144.5","149"
"11/16/2018","144.5","149","144.5","149"
"11/17/2018","146.1","146.8","146.1","146.8"
"11/18/2018","146.1","146.8","146.1","146.8"
"11/19/2018","146.1","146.8","146.1","146.8"
"11/20/2018","148","148.6","146.7","148"
"11/21/2018","148","148.6","146.7","148"
"11/22/2018","148","149","147.5","148"
"11/23/2018","146.65","149","146.65","149"
"11/24/2018","150","153.75","150","153.75"
"11/25/2018","150","153.75","150","153.75"
"11/26/2018","150","153.75","150","153.75"
"11/27/2018","152.01","152.01","151","151"
"11/28/2018","150.01","151","149.75","150.9"
"11/29/2018","150,991","150,991","150.35","150.8"
"11/30/2018","150.6","151","150.5","150.7"
"12/1/2018","150.1","151","150","150"
"12/2/2018","150.1","151","150","150"
"12/3/2018","150.1","151","150","150"
"12/4/2018","150.15","152","150.15","152"
"12/5/2018","152.3","154.25","152.3","154"
"12/6/2018","156","156","153,501","155"
"12/7/2018","154","155.23","154","155.23"
"12/8/2018","155.5","156","155.5","156"
"12/9/2018","155.5","156","155.5","156"
"12/10/2018","155.5","156","155.5","156"
"12/11/2018","155,002","156,499","155,002","156,499"
"12/12/2018","154.5","154,999","152.65","152.65"
"12/13/2018","154.5","154.5","151.8","153,749"
"12/14/2018","154,999","154,999","153.65","153.65"
"12/15/2018","155","155.5","155","155"
"12/16/2018","155","155.5","155","155"
"12/17/2018","155","155.5","155","155"
"12/18/2018","155.24","156","155","155.4"
"12/19/2018","154.5","156.5","154.5","156.5"
"12/20/2018","155,501","156.95","154.51","156.95"
"12/21/2018","156.5","156.5","154.51","156.1"
"12/22/2018","158.01","160","158","158"
"12/23/2018","158.01","160","158","158"
"12/24/2018","158.01","160","158","158"
"12/25/2018","158.01","160","158","158"
"12/26/2018","158.01","160","158","158"
"12/27/2018","159,001","160","158.2","158.2"
"12/28/2018","158.2","158.2","158.2","158.2"
"12/29/2018","159","159","155.75","155.75"
"12/30/2018","159","159","155.75","155.75"
"12/31/2018","159","159","155.75","155.75"
"1/1/2019","159","159","155.75","155.75"
"1/2/2019","159","159","155.75","155.75"
"1/3/2019","155,751","155,751","154","154.81"
"1/4/2019","156.84","156.84","153.1","155"
"1/5/2019","154","155.5","152.99","155"
"1/6/2019","154","155.5","152.99","155"
"1/7/2019","154","155.5","152.99","155"
"1/8/2019","153.9","153.95","151.01","152.25"
"1/9/2019","150,851","151.5","150,851","151.5"
"1/10/2019","151","153.5","151","152,001"
"1/11/2019","153","153","153","153"
"1/12/2019","153.5","154","151","151.61"
"1/13/2019","153.5","154","151","151.61"
"1/14/2019","153.5","154","151","151.61"
"1/15/2019","152","153.95","152","152.2"
"1/16/2019","153,949","154.5","153.5","154.5"
"1/17/2019","155","155","154","154"
"1/18/2019","153.5","154","153","154"
"1/19/2019","154","154","154","154"
"1/20/2019","154","154","154","154"
"1/21/2019","154","154","154","154"
"1/22/2019","155","156","154","156"
"1/23/2019","155.51","155.51","155.5","155.5"
"1/24/2019","155","155","155","155"
"1/25/2019","155","156.35","155","156"
"1/26/2019","155","156.35","155","156"
"1/27/2019","155","156.35","155","156"
"1/28/2019","155","156.35","155","156"
"1/29/2019","158","158","157","157.4"
"1/30/2019","155","156.5","155","156.5"
"1/31/2019","155,999","155,999","154","154.99"
"2/1/2019","153.75","154","153","153"
"2/2/2019","155.8","155.8","154","154.8"
"2/3/2019","155.8","155.8","154","154.8"
"2/4/2019","155.8","155.8","154","154.8"
"2/5/2019","153.9","155","153.5","153.51"
"2/6/2019","154,811","155.7","154.5","155.7"
"2/7/2019","155","156.23","155","156.23"
"2/8/2019","156.75","157.25","155.75","157.25"
"2/9/2019","156.95","157.5","156.5","157.5"
"2/10/2019","156.95","157.5","156.5","157.5"
"2/11/2019","156.95","157.5","156.5","157.5"
"2/12/2019","157","157.39","155.45","157"
"2/13/2019","157.4","157.5","156.56","156.56"
"2/14/2019","156,301","157.8","156.1","156.2"
"2/15/2019","155","155.3","155","155.3"
"2/16/2019","157","158","157","157.7"
"2/17/2019","157","158","157","157.7"
"2/18/2019","157","158","157","157.7"
"2/19/2019","158","159.19","158","159.19"
"2/20/2019","159.19","159.5","158,899","159.5"
"2/21/2019","160","160","158","159.25"
"2/22/2019","161","161","158,001","158,001"
"2/23/2019","158,001","159","158,001","159"
"2/24/2019","158,001","159","158,001","159"
"2/25/2019","158,001","159","158,001","159"
"2/26/2019","159.5","159.5","159.5","159.5"
"2/27/2019","158.6","158.6","158.15","158.15"
"2/28/2019","157.3","158","157.3","158"
"3/1/2019","158","158.5","156.5","157"
"3/2/2019","157.5","157.5","157.5","157.5"
"3/3/2019","157.5","157.5","157.5","157.5"
"3/4/2019","157.5","157.5","157.5","157.5"
"3/5/2019","157.5","157.5","157.5","157.5"
"3/6/2019","157.5","157.5","157.5","157.5"
"3/7/2019","157.5","160.3","157.5","160.3"
"3/8/2019","161","161","159","160"
"3/9/2019","162","162","158.1","159"
"3/10/2019","162","162","158.1","159"
"3/11/2019","162","162","158.1","159"
"3/12/2019","160,499","161.99","157.51","160"
"3/13/2019","159","160","159","160"
"3/14/2019","160.5","160.8","160","160.5"
"3/15/2019","158","159.5","158","159.5"
"3/16/2019","161","161","159.51","159.55"
"3/17/2019","161","161","159.51","159.55"
"3/18/2019","161","161","159.51","159.55"
"3/19/2019","160.49","160.49","158.01","159.71"
"3/20/2019","160","160","159,999","159,999"
"3/21/2019","158.51","159.99","158.5","159.99"
"3/22/2019","160,501","163","160,501","163"
"3/23/2019","163,221","163.7","163","163.7"
"3/24/2019","163,221","163.7","163","163.7"
"3/25/2019","163,221","163.7","163","163.7"
"3/26/2019","162","162.5","161.5","162.3"
"3/27/2019","164.49","166","164.3","166"
"3/28/2019","165.8","165.8","162","162.15"
"3/29/2019","160.3","161.37","160.2","160.5"
"3/30/2019","161.2","161.2","159.01","159.99"
"3/31/2019","161.2","161.2","159.01","159.99"
"4/1/2019","161.2","161.2","159.01","159.99"
"4/2/2019","161","161","159.6","160.2"
"4/3/2019","158.52","159.99","158.52","159.99"
"4/4/2019","159,001","159.85","159","159.01"
"4/5/2019","160","160","158.91","158.91"
"4/6/2019","162","162","162","162"
"4/7/2019","162","162","162","162"
"4/8/2019","162","162","162","162"
"4/9/2019","162","162","160","160"
"4/10/2019","159.66","160.5","159.66","160.5"
"4/11/2019","160","160","159.15","159.99"
"4/12/2019","160","160","160","160"
"4/13/2019","160","160","160","160"
"4/14/2019","160","160","160","160"
"4/15/2019","160","160","160","160"
"4/16/2019","160","160","158","158"
"4/17/2019","160.5","160.5","160.5","160.5"
"4/18/2019","161,151","161,151","159.99","159.99"
"4/19/2019","161","162","160.5","161.5"
"4/20/2019","161","162","160.5","161.5"
"4/21/2019","161","162","160.5","161.5"
"4/22/2019","161","162","160.5","161.5"
"4/23/2019","161","162","161","161"
"4/24/2019","160.4","162","160.11","162"
"4/25/2019","161,999","162","161","161.79"
"4/26/2019","162,001","163","161.5","161.5"
"4/27/2019","162.9","162.9","159.05","159.05"
"4/28/2019","162.9","162.9","159.05","159.05"
"4/29/2019","162.9","162.9","159.05","159.05"
"4/30/2019","161","162","161","162"
"5/1/2019","160.5","161.5","159.1","159,705"
"5/2/2019","160.5","161.5","159.1","159,705"
"5/3/2019","160","162","160","160.5"
"5/4/2019","161,016","162.49","161,016","162.49"
"5/5/2019","161,016","162.49","161,016","162.49"
"5/6/2019","161,016","162.49","161,016","162.49"
"5/7/2019","163","163.99","163","163.01"
"5/8/2019","162","162.4","161.7","161.7"
"5/9/2019","162,211","163.9","162","162"
"5/10/2019","163.7","163.7","162","162"
"5/11/2019","164","165.4","164","164.55"
"5/12/2019","164","165.4","164","164.55"
"5/13/2019","164","165.4","164","164.55"
"5/14/2019","165","165.19","164.76","164.9"
"5/15/2019","166","167","166","166"
"5/16/2019","164,502","166","164.41","165.99"
"5/17/2019","166.49","168","164.01","164.01"
"5/18/2019","166","167.88","165.61","167.88"
"5/19/2019","166","167.88","165.61","167.88"
"5/20/2019","166","167.88","165.61","167.88"
"5/21/2019","167.87","167.87","165.55","166"
"5/22/2019","164","165","163.8","165"
"5/23/2019","166","166.5","166","166.5"
"5/24/2019","166.15","167.21","165","166"
"5/25/2019","166","166","165","165"
"5/26/2019","166","166","165","165"
"5/27/2019","166","166","165","165"
"5/28/2019","165,001","165,001","163.5","163.9"
"5/29/2019","163.99","164.25","162","162"
"5/30/2019","161,701","164.5","161,701","164.5"
"5/31/2019","165","165","164.01","164.2"
"6/1/2019","166,988","166,988","165","166"
"6/2/2019","166,988","166,988","165","166"
"6/3/2019","166,988","166,988","165","166"
"6/4/2019","164.66","164.66","163.98","164.5"
"6/5/2019","166,989","166,989","165","165.6"
"6/6/2019","167.5","167.5","165.8","165.8"
"6/7/2019","166.75","166.8","165,999","166"
"6/8/2019","164.51","166","164.51","166"
"6/9/2019","164.51","166","164.51","166"
"6/10/2019","164.51","166","164.51","166"
"6/11/2019","165.95","165.96","163.11","163.11"
"6/12/2019","163.51","165","163.51","165"
"6/13/2019","164.99","165","164.9","165"
"6/14/2019","166","168.49","166","168.49"
"6/15/2019","168.25","168.25","168","168"
"6/16/2019","168.25","168.25","168","168"
"6/17/2019","168.25","168.25","168","168"
"6/18/2019","166.5","167.56","166.4","167.56"
"6/19/2019","167.45","167.79","165.1","166.85"
"6/20/2019","167,501","172.25","167.5","170.5"
"6/21/2019","167,501","172.25","167.5","170.5"
"6/22/2019","170,401","174.3","170,401","174.3"
"6/23/2019","170,401","174.3","170,401","174.3"
"6/24/2019","170,401","174.3","170,401","174.3"
"6/25/2019","174","176","174","175"
"6/26/2019","174,379","175","173.5","174"
"6/27/2019","173.9","175.5","172.4","172.4"
"6/28/2019","171.01","175.5","171.01","175.35"
"6/29/2019","171","172","170.75","172"
"6/30/2019","171","172","170.75","172"
"7/1/2019","171","172","170.75","172"
"7/2/2019","172","173,501","172","173,501"
"7/3/2019","174.8","175","174.8","175"
"7/4/2019","174","174","172.1","172.1"
"7/5/2019","172","173","171.5","173"
"7/6/2019","173","173","171","171.1"
"7/7/2019","173","173","171","171.1"
"7/8/2019","173","173","171","171.1"
"7/9/2019","170","173","170","173"
"7/10/2019","170","173","170","173"
"7/11/2019","173,101","175","173.1","175"
"7/12/2019","170.05","175.5","170.01","175.5"
"7/13/2019","171.5","172.5","171","172.3"
"7/14/2019","171.5","172.5","171","172.3"
"7/15/2019","171.5","172.5","171","172.3"
"7/16/2019","172.3","175","171.6","171.6"
"7/17/2019","173,999","175.5","172.1","175.5"
"7/18/2019","174.5","176","170","176"
"7/19/2019","175","177","173.5","177"
"7/20/2019","177","179","176.99","179"
"7/21/2019","177","179","176.99","179"
"7/22/2019","177","179","176.99","179"
"7/23/2019","178.69","180","176","176"
"7/24/2019","178.9","179","176","177.2"
"7/25/2019","176.14","182","176","179.5"
"7/26/2019","179","180","178.5","178.5"
"7/27/2019","175.5","181.8","175.5","181.8"
"7/28/2019","175.5","181.8","175.5","181.8"
"7/29/2019","175.5","181.8","175.5","181.8"
"7/30/2019","178.5","181.49","178.22","181.49"
"7/31/2019","181","182.5","178","179.9"
"8/1/2019","179,799","181.5","179","181.5"
"8/2/2019","183,011","184.5","182","183.15"
"8/3/2019","183.5","190.89","183.5","189.5"
"8/4/2019","183.5","190.89","183.5","189.5"
"8/5/2019","183.5","190.89","183.5","189.5"
"8/6/2019","184,006","192.95","184","192.95"
"8/7/2019","193.01","214","193.01","208"
"8/8/2019","209","209","203","207.5"
"8/9/2019","204,709","206","200","205"
"8/10/2019","205.1","210","205.1","208"
"8/11/2019","205.1","210","205.1","208"
"8/12/2019","205.1","210","205.1","208"
"8/13/2019","210","210","205.5","205.51"
"8/14/2019","210","211","204.1","211"
"8/15/2019","207.01","210","202.01","206"
"8/16/2019","202,254","204","198.6","204"
"8/17/2019","204","205","203","204.5"
"8/18/2019","204","205","203","204.5"
"8/19/2019","204","205","203","204.5"
"8/20/2019","207","213","205.99","213"
"8/21/2019","212,999","213.4","212","213.4"
"8/22/2019","215","225","215","221.9"
"8/23/2019","222","224.5","220","224.5"
"8/24/2019","223.7","224.9","220","220"
"8/25/2019","223.7","224.9","220","220"
"8/26/2019","223.7","224.9","220","220"
"8/27/2019","226","226","220.01","224.9"
"8/28/2019","225","225","218.51","219"
"8/29/2019","220","222,999","218.5","219.1"
"8/30/2019","218.01","218.1","212.2","212.2"
"8/31/2019","213","213","208.02","210.6"
"9/1/2019","213","213","208.02","210.6"
"9/2/2019","213","213","208.02","210.6"
"9/3/2019","214","214","210","211"
"9/4/2019","209,899","211","208.6","208.6"
"9/5/2019","208","208","201.01","203"
"9/6/2019","202,996","203","198.7","199.01"
"9/7/2019","200.1","201","199.5","199.5"
"9/8/2019","200.1","201","199.5","199.5"
"9/9/2019","200.1","201","199.5","199.5"
"9/10/2019","199.5","203.05","199.5","201.5"
"9/11/2019","200.7","202","200.7","201.5"
"9/12/2019","205","205","202","204.49"
"9/13/2019","203.4","204.5","202","204.5"
"9/14/2019","207,998","210","207","209"
"9/15/2019","207,998","210","207","209"
"9/16/2019","207,998","210","207","209"
"9/17/2019","209,005","209,005","206","206.1"
"9/18/2019","207,001","209.5","207","207.5"
"9/19/2019","208.1","211","207,993","211"
"9/20/2019","212.8","214","212.5","213.5"
"9/21/2019","213.5","218","213.5","217"
"9/22/2019","213.5","218","213.5","217"
"9/23/2019","213.5","218","213.5","217"
"9/24/2019","215","225","215","223.1"
"9/25/2019","224","229","220,079","222.5"
"9/26/2019","219.3","221","215.75","217"
"9/27/2019","212.11","215","212.11","212.5"
"9/28/2019","208","210","200","204"
"9/29/2019","208","210","200","204"
"9/30/2019","208","210","200","204"
"10/1/2019","206,501","209.02","204,149","208"
"10/2/2019","212","212","208.6","209"
"10/3/2019","210","210","200","204"
"10/4/2019","206","206","204.2","204.2"
"10/5/2019","202.8","209.95","202.8","209.95"
"10/6/2019","202.8","209.95","202.8","209.95"
"10/7/2019","202.8","209.95","202.8","209.95"
"10/8/2019","206","209,981","204","206.5"
"10/9/2019","206,001","207.4","198,001","204"
"10/10/2019","205,993","207.49","203.1","204.8"
"10/11/2019","204,982","207","203","204"
"10/12/2019","201","204","200,031","202,999"
"10/13/2019","201","204","200,031","202,999"
"10/14/2019","201","204","200,031","202,999"
"10/15/2019","202,001","205","201.15","204,001"
"10/16/2019","204,001","207.95","204,001","206.5"
"10/17/2019","204.65","207","201","204"
"10/18/2019","204","210","203.7","208"
"10/19/2019","205.5","207.99","205","205.99"
"10/20/2019","205.5","207.99","205","205.99"
"10/21/2019","205.5","207.99","205","205.99"
"10/22/2019","207.99","207.99","201.05","203.9"
"10/23/2019","205.39","205.39","202","202"
"10/24/2019","200,672","204.5","200","201"
"10/25/2019","203","203","201.5","202"
"10/26/2019","202.85","203","200","200.5"
"10/27/2019","202.85","203","200","200.5"
"10/28/2019","202.85","203","200","200.5"
"10/29/2019","202","202","199","199"
"10/30/2019","200.01","201.5","199","199"
"10/31/2019","199,999","204.5","199","203.09"
"11/1/2019","200,105","205","200,105","205"
"11/2/2019","203.01","206.49","202.21","202.21"
"11/3/2019","203.01","206.49","202.21","202.21"
"11/4/2019","203.01","206.49","202.21","202.21"
"11/5/2019","202.23","202.23","198.5","200,999"
"11/6/2019","200","203,999","200","202"
"11/7/2019","202","203","200.5","202.51"
"11/8/2019","206.49","206.49","204.3","204,701"
"11/9/2019","206","207.94","203.9","204.3"
"11/10/2019","206","207.94","203.9","204.3"
"11/11/2019","206","207.94","203.9","204.3"
"11/12/2019","203.86","205","203.86","204.99"
"11/13/2019","206","206","205","206"
"11/14/2019","206.5","206.5","205.5","205.5"
"11/15/2019","203","206.19","203","205.5"
"11/16/2019","203","206.19","203","205.5"
"11/17/2019","203","206.19","203","205.5"
"11/18/2019","203","206.19","203","205.5"
"11/19/2019","205.61","206.99","205.32","205.32"
"11/20/2019","205,599","206.8","205","206.19"
"11/21/2019","205,599","206.8","205","206.19"
"11/22/2019","206","207.05","206","207.05"
"11/23/2019","204.5","210","203.25","204.5"
"11/24/2019","204.5","210","203.25","204.5"
"11/25/2019","204.5","210","203.25","204.5"
"11/26/2019","207","207.94","207","207.15"
"11/27/2019","204.3","207,909","204.01","206,001"
"11/28/2019","207","207.2","203.6","204.1"
"11/29/2019","204,999","207.99","204,999","207.5"
"11/30/2019","207.5","208.5","207.5","207.89"
"12/1/2019","207.5","208.5","207.5","207.89"
"12/2/2019","207.5","208.5","207.5","207.89"
"12/3/2019","207.88","207.88","205.5","206"
"12/4/2019","204,024","206.01","204,024","205"
"12/5/2019","206.49","208","205","206,419"
"12/6/2019","205","205","203","204.4"
"12/7/2019","204,998","205","202.5","203"
"12/8/2019","204,998","205","202.5","203"
"12/9/2019","204,998","205","202.5","203"
"12/10/2019","203,601","204.25","202.51","203"
"12/11/2019","203","205","202","204.99"
"12/12/2019","204","206","204","206"
"12/13/2019","204,999","207.75","203","205"
"12/14/2019","206,248","206,248","201.05","202"
"12/15/2019","206,248","206,248","201.05","202"
"12/16/2019","206,248","206,248","201.05","202"
"12/17/2019","201,501","203","198,108","199.5"
"12/18/2019","199,799","199,799","197,121","197,121"
"12/19/2019","198,701","202","198,701","200"
"12/20/2019","201,729","201,999","198,001","201.2"
"12/21/2019","199,537","202.48","199.5","202"
"12/22/2019","199,537","202.48","199.5","202"
"12/23/2019","199,537","202.48","199.5","202"
"12/24/2019","202.26","203,789","202.26","203"
"12/25/2019","202.26","203,789","202.26","203"
"12/26/2019","202.26","203,789","202.26","203"
"12/27/2019","203,201","207.99","203,201","206"
"12/28/2019","203.3","204.9","202.65","202.65"
"12/29/2019","203.3","204.9","202.65","202.65"
"12/30/2019","203.3","204.9","202.65","202.65"
"12/31/2019","204,999","206","203.5","204"
"1/1/2020","204,999","206","203.5","204"
"1/2/2020","204,999","206","203.5","204"
"1/3/2020","206,507","211","206,507","209.99"
"1/4/2020","210,151","215","209.99","211.1"
"1/5/2020","210,151","215","209.99","211.1"
"1/6/2020","210,151","215","209.99","211.1"
"1/7/2020","214","214.4","212,002","212.5"
"1/8/2020","214","214.7","210.45","211.75"
"1/9/2020","211.65","213.98","210.02","213"
"1/10/2020","212,674","213","210.9","213"
"1/11/2020","212.45","214.24","212","214.24"
"1/12/2020","212.45","214.24","212","214.24"
"1/13/2020","212.45","214.24","212","214.24"
"1/14/2020","213","214.25","212.27","214"
"1/15/2020","214.5","214.5","213","214"
"1/16/2020","214","214.5","210,421","213.95"
"1/17/2020","213.95","216.5","210.46","212"
"1/18/2020","214","215","213.5","213.52"
"1/19/2020","214","215","213.5","213.52"
"1/20/2020","214","215","213.5","213.52"
"1/21/2020","216.5","216.5","213.85","213.95"
"1/22/2020","214.5","214.5","213","213.5"
"1/23/2020","215.2","215.2","212,511","213.7"
"1/24/2020","214.29","214.29","212,001","212,001"
"1/25/2020","215.4","215.8","214.01","215.51"
"1/26/2020","215.4","215.8","214.01","215.51"
"1/27/2020","215.4","215.8","214.01","215.51"
"1/28/2020","215.51","216.4","214","214"
"1/29/2020","216.35","216.5","213.02","215"
"1/30/2020","218,991","218,991","216.55","218"
"1/31/2020","216.05","218.6","216","217"
"2/1/2020","215","217.51","214,001","216.7"
"2/2/2020","215","217.51","214,001","216.7"
"2/3/2020","215","217.51","214,001","216.7"
"2/4/2020","216.7","216.7","214,812","216.5"
"2/5/2020","214.54","222","214.54","217.3"
"2/6/2020","216","218.35","216","218.35"
"2/7/2020","218.35","219","218","218.8"
"2/8/2020","219","219.8","218,001","219.4"
"2/9/2020","219","219.8","218,001","219.4"
"2/10/2020","219","219.8","218,001","219.4"
"2/11/2020","218,102","219.9","218,102","219.4"
"2/12/2020","219","220,249","218.5","218.51"
"2/13/2020","220,059","220.5","219","219.5"
"2/14/2020","219.9","219.99","219.5","219.9"
"2/15/2020","220,002","220.8","219","219.05"
"2/16/2020","220,002","220.8","219","219.05"
"2/17/2020","220,002","220.8","219","219.05"
"2/18/2020","222","225.45","222","224.8"
"2/19/2020","226,018","228","226","226"
"2/20/2020","227.5","227.9","227.45","227.88"
"2/21/2020","230,997","234.5","230,997","234.5"
"2/22/2020","237","244","237","240.89"
"2/23/2020","237","244","237","240.89"
"2/24/2020","237","244","237","240.89"
"2/25/2020","237","244","237","240.89"
"2/26/2020","237","244","237","240.89"
"2/27/2020","241.42","246.5","240","241"
"2/28/2020","241","241.5","226","229"
"2/29/2020","232.85","232.85","228.25","228.25"
"3/1/2020","232.85","232.85","228.25","228.25"
"3/2/2020","232.85","232.85","228.25","228.25"
"3/3/2020","231,353","238","231.3","236.2"
"3/4/2020","236","239.99","235,001","238"
"3/5/2020","239.9","248","239.9","247"
"3/6/2020","250.9","252.6","241","246.5"
"3/7/2020","269.75","269.75","249.75","255.7"
"3/8/2020","269.75","269.75","249.75","255.7"
"3/9/2020","269.75","269.75","249.75","255.7"
"3/10/2020","247","250.99","244","246"
"3/11/2020","252,542","253","246","251,999"
"3/12/2020","262","263.75","246.5","246.5"
"3/13/2020","239.5","247.89","236.21","246"
"3/14/2020","245","246","236,101","242"
"3/15/2020","245","246","236,101","242"
"3/16/2020","245","246","236,101","242"
"3/17/2020","244","248","236","245"
"3/18/2020","247,001","249.3","240","243.1"
"3/19/2020","243,001","245.4","240","241.23"
"3/20/2020","240.51","243","239","243"
"3/21/2020","249,899","253.9","245,506","253"
"3/22/2020","249,899","253.9","245,506","253"
"3/23/2020","249,899","253.9","245,506","253"
"3/24/2020","262.75","265","253","260"
"3/25/2020","259.9","259.99","252,001","252,001"
"3/26/2020","257.11","262","256.5","260"
"3/27/2020","261,601","268","261.05","266"
"3/28/2020","268","273","267.5","270"
"3/29/2020","268","273","267.5","270"
"3/30/2020","268","273","267.5","270"
"3/31/2020","263,079","269","261,999","263.9"
"4/1/2020","265.6","271","265.26","268.5"
"4/2/2020","271","274.5","270,002","271.61"
"4/3/2020","275,001","277","274","277"
"4/4/2020","273,999","286","273,999","281.5"
"4/5/2020","273,999","286","273,999","281.5"
"4/6/2020","273,999","286","273,999","281.5"
"4/7/2020","280","282","276","276.8"
"4/8/2020","277","278.5","271","271"
"4/9/2020","278","284","275","284"
"4/10/2020","283.79","288","283.79","286.5"
"4/11/2020","283.79","288","283.79","286.5"
"4/12/2020","283.79","288","283.79","286.5"
"4/13/2020","283.79","288","283.79","286.5"
"4/14/2020","288","292","286","290"
"4/15/2020","294.5","302","292","297.2"
"4/16/2020","297,103","314.9","297,103","312"
"4/17/2020","304","312,064","304","308"
"4/18/2020","313.5","325","313","317"
"4/19/2020","313.5","325","313","317"
"4/20/2020","313.5","325","313","317"
"4/21/2020","337,979","337,979","319","323.5"
"4/22/2020","337,979","337,979","319","323.5"
"4/23/2020","320,366","326","320,366","325"
"4/24/2020","332,001","337","315.01","315.01"
"4/25/2020","314,892","326","313","318"
"4/26/2020","314,892","326","313","318"
"4/27/2020","314,892","326","313","318"
"4/28/2020","319,486","319.5","293","303"
"4/29/2020","303","304","290","291"
"4/30/2020","294.5","298","291.5","295.4"
"5/1/2020","305","307","302","302.5"
"5/2/2020","305","307","302","302.5"
"5/3/2020","305","307","302","302.5"
"5/4/2020","305","307","302","302.5"
"5/5/2020","300","304","298.25","303.5"
"5/6/2020","305","310,796","305","309"
"5/7/2020","313","322.5","312","318.5"
"5/8/2020","317","319.49","312","312"
"5/9/2020","312,714","318","312,714","317"
"5/10/2020","312,714","318","312,714","317"
"5/11/2020","312,714","318","312,714","317"
"5/12/2020","316","328","314","324.5"
"5/13/2020","322,036","327","320","326"
"5/14/2020","328,111","336.75","327.2","329,981"
"5/15/2020","330,002","335","327,501","330,501"
"5/16/2020","336","336","320","320"
"5/17/2020","336","336","320","320"
"5/18/2020","336","336","320","320"
"5/19/2020","320","330","320","329.5"
"5/20/2020","326","328,995","322.9","327"
"5/21/2020","325,726","325.8","316","317"
"5/22/2020","317.75","324","315","315"
"5/23/2020","313,445","314","306","308"
"5/24/2020","313,445","314","306","308"
"5/25/2020","313,445","314","306","308"
"5/26/2020","303.3","303.3","292","293.66"
"5/27/2020","295.75","295.75","284.15","289.5"
"5/28/2020","293,001","296.99","292.55","295"
"5/29/2020","300","303","292.2","292.2"
"5/30/2020","296,999","298","293.05","297"
"5/31/2020","296,999","298","293.05","297"
"6/1/2020","296,999","298","293.05","297"
"6/2/2020","295,989","296","286,051","287"
"6/3/2020","278,499","278,499","270","276.7"
"6/4/2020","274.3","280","273.01","279"
"6/5/2020","273","273","262.7","267"
"6/6/2020","266,999","267,331","262,001","263"
"6/7/2020","266,999","267,331","262,001","263"
"6/8/2020","266,999","267,331","262,001","263"
"6/9/2020","263","270","263","268.27"
"6/10/2020","269,048","274.9","267,251","272,001"
"6/11/2020","280.25","283","277,511","279"
"6/12/2020","280.25","283","277,511","279"
"6/13/2020","281,251","285.6","280.55","283,999"
"6/14/2020","281,251","285.6","280.55","283,999"
"6/15/2020","281,251","285.6","280.55","283,999"
"6/16/2020","280","287","278","286.2"
"6/17/2020","282,768","291","282,011","290"
"6/18/2020","296.9","297.9","292.01","295.4"
"6/19/2020","296,814","299.49","294","296.79"
"6/20/2020","283","296.9","283","295.5"
"6/21/2020","283","296.9","283","295.5"
"6/22/2020","283","296.9","283","295.5"
"6/23/2020","292,101","293,999","290","290"
"6/24/2020","297,379","299","293","297.5"
"6/25/2020","297.5","301.45","295","301"
"6/26/2020","302,999","310","302.5","310"
"6/27/2020","307,491","309.1","302,021","304"
"6/28/2020","307,491","309.1","302,021","304"
"6/29/2020","307,491","309.1","302,021","304"
"6/30/2020","307,999","311.99","307","310"
"7/1/2020","305","307,998","300","301,889"
"7/2/2020","296","303","295","302"
"7/3/2020","301.5","303.5","300.51","302"
"7/4/2020","299.01","304.5","298.5","303.01"
"7/5/2020","299.01","304.5","298.5","303.01"
"7/6/2020","299.01","304.5","298.5","303.01"
"7/7/2020","303.01","308.5","302.5","308.17"
"7/8/2020","308,261","310","306.5","307.01"
"7/9/2020","308.75","309","304","306.5"
"7/10/2020","309.9","309.9","305.5","306"
"7/11/2020","308","310","306.01","310"
"7/12/2020","308","310","306.01","310"
"7/13/2020","308","310","306.01","310"
"7/14/2020","308.5","313.8","307.7","307.7"
"7/15/2020","306","310.1","304","309"
"7/16/2020","309","309","304.5","304.5"
"7/17/2020","307.5","313","306","313"
"7/18/2020","311.6","311.6","308.01","310"
"7/19/2020","311.6","311.6","308.01","310"
"7/20/2020","311.6","311.6","308.01","310"
"7/21/2020","309,889","309,889","304.01","306"
"7/22/2020","306","306","302.21","305"
"7/23/2020","308,999","313.4","306.5","313.4"
"7/24/2020","314,601","318.2","314","316"
"7/25/2020","317","323","317","318.5"
"7/26/2020","317","323","317","318.5"
"7/27/2020","317","323","317","318.5"
"7/28/2020","321.2","324","318.53","324"
"7/29/2020","320.84","325,499","319.5","324.51"
"7/30/2020","325","325","321.01","322"
"7/31/2020","325","328","325","327.99"
"8/1/2020","329,011","336","328,001","336"
"8/2/2020","329,011","336","328,001","336"
"8/3/2020","329,011","336","328,001","336"
"8/4/2020","336","346","336","342.27"
"8/5/2020","343,001","350","342.5","350"
"8/6/2020","350","354","350","352.9"
"8/7/2020","350","357.5","346","350.5"
"8/8/2020","348.51","356","346","356"
"8/9/2020","348.51","356","346","356"
"8/10/2020","348.51","356","346","356"
"8/11/2020","341,001","344","325.5","332,999"
"8/12/2020","335.6","340.5","330,499","333,999"
"8/13/2020","333.5","336","331,011","334.5"
"8/14/2020","335,001","338.5","334","336.7"
"8/15/2020","341","349.8","340.5","347.1"
"8/16/2020","341","349.8","340.5","347.1"
"8/17/2020","341","349.8","340.5","347.1"
"8/18/2020","347,601","351","347.5","350.5"
"8/19/2020","348.2","348.2","340.3","340.3"
"8/20/2020","348","350","346","348.9"
"8/21/2020","348.89","348.89","343.5","347"
"8/22/2020","344,001","347.45","342.3","347.45"
"8/23/2020","344,001","347.45","342.3","347.45"
"8/24/2020","344,001","347.45","342.3","347.45"
"8/25/2020","344","345","338","340"
"8/26/2020","338","348.85","337.01","348.79"
"8/27/2020","348,851","348,851","343.2","346"
"8/28/2020","344","344","340.02","340.02"
"8/29/2020","342,999","347","341.5","342.5"
"8/30/2020","342,999","347","341.5","342.5"
"8/31/2020","342,999","347","341.5","342.5"
"9/1/2020","347","347.5","336.76","340"
"9/2/2020","335.9","338","330","330"
"9/3/2020","331,999","331,999","323","326"
"9/4/2020","324","331","323","326.5"
"9/5/2020","326.5","330.5","326.5","330.5"
"9/6/2020","326.5","330.5","326.5","330.5"
"9/7/2020","326.5","330.5","326.5","330.5"
"9/8/2020","326.5","330.5","326.5","330.5"
"9/9/2020","328.4","329","327","328.4"
"9/10/2020","329,995","330.7","328","329.03"
"9/11/2020","327.9","330","327","329.21"
"9/12/2020","331","332","327","328"
"9/13/2020","331","332","327","328"
"9/14/2020","331","332","327","328"
"9/15/2020","329.5","330","327.5","330"
"9/16/2020","329","330.5","327","328"
"9/17/2020","326,501","327.5","325.5","326.5"
"9/18/2020","329","337","327.5","336.6"
"9/19/2020","336","336","327","330"
"9/20/2020","336","336","327","330"
"9/21/2020","336","336","327","330"
"9/22/2020","329","336.25","329","333.5"
"9/23/2020","332","333.99","327.21","333.99"
"9/24/2020","332","332.4","327.5","327.5"
"9/25/2020","329,999","332","329","329"
"9/26/2020","330","339","329","339"
"9/27/2020","330","339","329","339"
"9/28/2020","330","339","329","339"
"9/29/2020","338","341","338","340.1"
"9/30/2020","340.12","342","337","337"
"10/1/2020","340","344","339,021","343.45"
"10/2/2020","343","343.8","340","343.8"
"10/3/2020","342.3","342.5","339","339"
"10/4/2020","342.3","342.5","339","339"
"10/5/2020","342.3","342.5","339","339"
"10/6/2020","337.01","340","334.7","336"
"10/7/2020","336","341","333","337.1"
"10/8/2020","338.5","341","336.6","336.9"
"10/9/2020","337.5","341.5","336.53","339"
"10/10/2020","338","338","335.6","335.6"
"10/11/2020","338","338","335.6","335.6"
"10/12/2020","338","338","335.6","335.6"
"10/13/2020","338","338","335.6","335.6"
"10/14/2020","337","339.5","337","339.3"
"10/15/2020","339","341.9","338.6","340.85"
"10/16/2020","340.9","342","339","342"
"10/17/2020","342","342","339","340"
"10/18/2020","342","342","339","340"
"10/19/2020","342","342","339","340"
"10/20/2020","339,499","341","337.9","340"
"10/21/2020","342","344.4","341","343"
"10/22/2020","340.5","340.5","337","339.5"
"10/23/2020","339,501","341","338.01","340.35"
"10/24/2020","341.99","342","340","341.5"
"10/25/2020","341.99","342","340","341.5"
"10/26/2020","341.99","342","340","341.5"
"10/27/2020","339,501","346.49","339,501","345.5"
"10/28/2020","346","347","342","345.9"
"10/29/2020","343.5","345","342","344"
"10/30/2020","345","348","343","345"
"10/31/2020","345.1","353.5","345","353.5"
"11/1/2020","345.1","353.5","345","353.5"
"11/2/2020","345.1","353.5","345","353.5"
"11/3/2020","345.1","353.5","345","353.5"
"11/4/2020","350,001","350,001","341","344.9"
"11/5/2020","341.5","346.5","341","345.5"
"11/6/2020","345","347.5","336.01","336.01"
"11/7/2020","337,001","337,001","315.83","321,163"
"11/8/2020","337,001","337,001","315.83","321,163"
"11/9/2020","337,001","337,001","315.83","321,163"
"11/10/2020","322,001","324.45","322,001","323.7"
"11/11/2020","324,501","332","322","330"
"11/12/2020","322.5","327.9","322.5","327"
"11/13/2020","330","333.1","329","329"
"11/14/2020","324.01","329","324.01","327"
"11/15/2020","324.01","329","324.01","327"
"11/16/2020","324.01","329","324.01","327"
"11/17/2020","327","327","321.5","321.5"
"11/18/2020","318","319","316,002","318.6"
"11/19/2020","318,999","320","313.8","315,799"
"11/20/2020","316.5","322.98","316.5","322"
"11/21/2020","320","320","316","317.58"
"11/22/2020","320","320","316","317.58"
"11/23/2020","320","320","316","317.58"
"11/24/2020","314,548","314,548","308.3","308.5"
"11/25/2020","309.03","309.7","305","305.6"
"11/26/2020","308.5","308.5","305","306.3"
"11/27/2020","306","307.5","300.1","304.8"
"11/28/2020","299,999","306.05","295","302.5"
"11/29/2020","299,999","306.05","295","302.5"
"11/30/2020","299,999","306.05","295","302.5"
"12/1/2020","303,681","306,499","300.51","302,499"
"12/2/2020","302.5","305.5","302.1","304"
"12/3/2020","304,107","304,107","300","302.3"
"12/4/2020","302,001","303.5","299,001","301"
"12/5/2020","302","304.5","297","304.5"
"12/6/2020","302","304.5","297","304.5"
"12/7/2020","302","304.5","297","304.5"
"12/8/2020","304","306","302.2","305.5"
"12/9/2020","304","304","301","303.5"
"12/10/2020","299,001","300","294","295.5"
"12/11/2020","295,521","298.95","295","295"
"12/12/2020","291,305","298.5","291","298.5"
"12/13/2020","291,305","298.5","291","298.5"
"12/14/2020","291,305","298.5","291","298.5"
"12/15/2020","299.8","301.5","299.02","299.55"
"12/16/2020","303","303.45","300","300.01"
"12/17/2020","302,267","306.75","302,267","305.9"
"12/18/2020","306","306,999","304","305"
"12/19/2020","308","310.7","305","305.8"
"12/20/2020","308","310.7","305","305.8"
"12/21/2020","308","310.7","305","305.8"
"12/22/2020","306.5","308.5","306","306,601"
"12/23/2020","305,398","313","305,398","313"
"12/24/2020","308,878","317.5","308,878","316"
"12/25/2020","308,878","317.5","308,878","316"
"12/26/2020","308,878","317.5","308,878","316"
"12/27/2020","308,878","317.5","308,878","316"
"12/28/2020","308,878","317.5","308,878","316"
"12/29/2020","316","316.99","310","316.99"
"12/30/2020","313","316","312","316"
"12/31/2020","318","326.2","318","326"
"1/1/2021","318","326.2","318","326"
"1/2/2021","318","326.2","318","326"
"1/3/2021","318","326.2","318","326"
"1/4/2021","318","326.2","318","326"
"1/5/2021","328.97","335.35","328.97","332"
"1/6/2021","329,999","333","325.11","326.5"
"1/7/2021","329.5","330","326","330"
"1/8/2021","324,999","324,999","319","322"
"1/9/2021","322.92","327","320,001","326.5"
"1/10/2021","322.92","327","320,001","326.5"
"1/11/2021","322.92","327","320,001","326.5"
"1/12/2021","323","323.5","315","315"
"1/13/2021","318","318","313.3","314.5"
"1/14/2021","312,999","312,999","307.5","309"
"1/15/2021","310","312,999","307","309,001"
"1/16/2021","309","313.3","308,001","313.3"
"1/17/2021","309","313.3","308,001","313.3"
"1/18/2021","309","313.3","308,001","313.3"
"1/19/2021","312,495","315,995","309.25","315,995"
"1/20/2021","316","317","312.1","315"
"1/21/2021","314,901","320","312,601","320"
"1/22/2021","319.5","324.5","317.51","322"
"1/23/2021","320,984","322","314.5","315"
"1/24/2021","320,984","322","314.5","315"
"1/25/2021","320,984","322","314.5","315"
"1/26/2021","320,984","322","314.5","315"
"1/27/2021","316,999","318","313.84","318"
"1/28/2021","319.3","321.9","315","316,987"
"1/29/2021","322.07","326.25","322","323.35"
"1/30/2021","324,366","325.4","315","322.8"
"1/31/2021","324,366","325.4","315","322.8"
"2/1/2021","324,366","325.4","315","322.8"
"2/2/2021","314.61","317","314","314"
"2/3/2021","313","317.5","313","314.5"
"2/4/2021","310","312,401","306.5","312.25"
"2/5/2021","312.25","312.25","309","309.5"
"2/6/2021","313,111","316","312","315"
"2/7/2021","313,111","316","312","315"
"2/8/2021","313,111","316","312","315"
"2/9/2021","317.1","319","314.4","314.4"
"2/10/2021","315","320","312.75","313"
"2/11/2021","315,499","315.99","312,501","313"
"2/12/2021","313","316,498","310","310.5"
"2/13/2021","308","309","305","309"
"2/14/2021","308","309","305","309"
"2/15/2021","308","309","305","309"
"2/16/2021","308","309","305","309"
"2/17/2021","308","309","305","309"
"2/18/2021","309","309","305","308"
"2/19/2021","307,998","309","306","308"
"2/20/2021","315","316.5","312.3","313"
"2/21/2021","315","316.5","312.3","313"
"2/22/2021","315","316.5","312.3","313"
"2/23/2021","315","316","311","312"
"2/24/2021","309.01","310.25","307.2","310"
"2/25/2021","311","312","308","309"
"2/26/2021","305","309.5","303,001","307.7"
"2/27/2021","309","310","306.7","307.2"
"2/28/2021","309","310","306.7","307.2"
"3/1/2021","309","310","306.7","307.2"
"3/2/2021","313","314","309.5","310"
"3/3/2021","313","315.5","307.5","307.5"
"3/4/2021","303.3","307.6","303.3","307"
"3/5/2021","308","308","304.95","305.1"
"3/6/2021","308,001","311","306.7","310"
"3/7/2021","308,001","311","306.7","310"
"3/8/2021","308,001","311","306.7","310"
"3/9/2021","314,999","320","314.7","316"
"3/10/2021","316","316","310.1","310.1"
"3/11/2021","307.9","309","305.31","307.5"
"3/12/2021","304","305,502","302.75","305.5"
"3/13/2021","310","312","309,001","310"
"3/14/2021","310","312","309,001","310"
"3/15/2021","310","312","309,001","310"
"3/16/2021","309.01","310","308","310"
"3/17/2021","311,001","311,499","310","311,498"
"3/18/2021","304","307","304","306"
"3/19/2021","305","306","302.5","305"
"3/20/2021","306","306.05","305","305.1"
"3/21/2021","306","306.05","305","305.1"
"3/22/2021","306","306.05","305","305.1"
"3/23/2021","305.99","305.99","303","303,001"
"3/24/2021","303,503","310,499","302","309.7"
"3/25/2021","312,499","314,499","309,001","312"
"3/26/2021","310.75","317.4","310.75","317.4"
"3/27/2021","316,971","316,987","313","313.9"
"3/28/2021","316,971","316,987","313","313.9"
"3/29/2021","316,971","316,987","313","313.9"
"3/30/2021","310","312","308,001","309.5"
"3/31/2021","308.01","309,999","306.02","308"
"4/1/2021","310.01","316","310","316"
"4/2/2021","309","312","309","312"
"4/3/2021","309","312","309","312"
"4/4/2021","309","312","309","312"
"4/5/2021","309","312","309","312"
"4/6/2021","312","313.5","310","312"
"4/7/2021","308,001","315","308,001","315"
"4/8/2021","312,001","313","310.05","311.99"
"4/9/2021","312,501","316","312,501","315.5"
"4/10/2021","312,499","315.21","309,407","314.5"
"4/11/2021","312,499","315.21","309,407","314.5"
"4/12/2021","312,499","315.21","309,407","314.5"
"4/13/2021","314.5","317.5","314","315"
"4/14/2021","315.2","315.2","313.01","313.01"
"4/15/2021","315","316.5","313,001","315.5"
"4/16/2021","320,001","320.5","315","316.8"
"4/17/2021","314,499","314,499","312.5","312.8"
"4/18/2021","314,499","314,499","312.5","312.8"
"4/19/2021","314,499","314,499","312.5","312.8"
"4/20/2021","312.8","314","311","314"
"4/21/2021","312","312,998","310,001","310.9"
"4/22/2021","312","312,998","310,001","310.9"
"4/23/2021","310,005","311,999","310","310.8"
"4/24/2021","308","310","307,601","308,101"
"4/25/2021","308","310","307,601","308,101"
"4/26/2021","308","310","307,601","308,101"
"4/27/2021","308.11","309","307","307.1"
"4/28/2021","303","306","303","305"
"4/29/2021","302,005","304.5","302","304"
"4/30/2021","302.01","305.75","302.01","305.5"
"5/1/2021","307,801","313","307.8","313"
"5/2/2021","307,801","313","307.8","313"
"5/3/2021","307,801","313","307.8","313"
"5/4/2021","310","311","306","308"
"5/5/2021","304,999","305.45","304.1","305"
"5/6/2021","305","306","304.2","305"
"5/7/2021","305","306,999","303,001","306"
"5/8/2021","305,411","306.5","304","306.5"
"5/9/2021","305,411","306.5","304","306.5"
"5/10/2021","305,411","306.5","304","306.5"
"5/11/2021","305.66","306.43","305.5","305.6"
"5/12/2021","305","307,899","305","306"
"5/13/2021","305","310","305","308"
"5/14/2021","310.5","310.5","308","309"
"5/15/2021","313","314","310,001","312.8"
"5/16/2021","313","314","310,001","312.8"
"5/17/2021","313","314","310,001","312.8"
"5/18/2021","315.99","315.99","311.61","312.5"
"5/19/2021","315.5","319.9","313.8","315.5"
"5/20/2021","316","317.5","314.5","315"
"5/21/2021","317.5","320.5","314","320.5"
"5/22/2021","317,507","319.25","317","319"
"5/23/2021","317,507","319.25","317","319"
"5/24/2021","317,507","319.25","317","319"
"5/25/2021","319.9","323.5","319.2","323.5"
"5/26/2021","321","321","320.75","320.75"
"5/27/2021","318","320,072","317","319"
"5/28/2021","316.5","319.4","316.5","319.4"
"5/29/2021","318.5","318.5","315.5","316"
"5/30/2021","318.5","318.5","315.5","316"
"5/31/2021","318.5","318.5","315.5","316"
"6/1/2021","314","315.08","311,052","312,101"
"6/2/2021","313","313","308.5","309.9"
"6/3/2021","307","307","304.5","304,503"
"6/4/2021","307","307","304.5","304,503"
"6/5/2021","304.5","306","304","306"
"6/6/2021","304.5","306","304","306"
"6/7/2021","304.5","306","304","306"
"6/8/2021","304,001","305.5","303,001","305.5"
"6/9/2021","305.5","306","305.4","305.5"
"6/10/2021","304.11","306,999","304","306"
"6/11/2021","306,001","306.5","305","306.5"
"6/12/2021","302.02","303","301","302,002"
"6/13/2021","302.02","303","301","302,002"
"6/14/2021","302.02","303","301","302,002"
"6/15/2021","301,919","303","300","300"
"6/16/2021","300","300","290.7","290.7"
"6/17/2021","288,001","288.5","284","284,001"
"6/18/2021","284,001","287,999","280","285"
"6/19/2021","285,001","288,499","285,001","286,001"
"6/20/2021","285,001","288,499","285,001","286,001"
"6/21/2021","285,001","288,499","285,001","286,001"
"6/22/2021","285","286","280.75","280.75"
"6/23/2021","280","285,499","280","283"
"6/24/2021","281","281","277,001","277,001"
"6/25/2021","281.9","282.5","279,001","280,999"
"6/26/2021","280,002","284","280,002","282.5"
"6/27/2021","280,002","284","280,002","282.5"
"6/28/2021","280,002","284","280,002","282.5"
"6/29/2021","281,498","281,999","278","278.25"
"6/30/2021","281,483","283","281","281"
"7/1/2021","280.97","287,799","280.97","285.5"
"7/2/2021","286,999","290","286","289.5"
"7/3/2021","288,501","290.35","288.18","289.81"
"7/4/2021","288,501","290.35","288.18","289.81"
"7/5/2021","288,501","290.35","288.18","289.81"
"7/6/2021","294","298","292,001","297,739"
"7/7/2021","297,999","302,889","297","300"
"7/8/2021","304.5","304.5","300","300"
"7/9/2021","300","300.99","298,001","298,001"
"7/10/2021","300","300.99","298,001","298,001"
"7/11/2021","300","300.99","298,001","298,001"
"7/12/2021","300","300.99","298,001","298,001"
"7/13/2021","299,999","299,999","298","298"
"7/14/2021","298.5","298.5","294.5","295.45"
"7/15/2021","297,899","299","296.5","298,999"
"7/16/2021","296,449","297","295","296.5"
"7/17/2021","299","303","299","302,001"
"7/18/2021","299","303","299","302,001"
"7/19/2021","299","303","299","302,001"
"7/20/2021","304,999","306.5","299,999","300.5"
"7/21/2021","300","301","298","298"
"7/22/2021","298","300","298","299.9"
"7/23/2021","297,899","299","297","299"
"7/24/2021","298","298","294","296"
"7/25/2021","298","298","294","296"
"7/26/2021","298","298","294","296"
"7/27/2021","297,999","298","296,999","298"
"7/28/2021","296.5","297.23","295","295"
"7/29/2021","296.5","296.5","295","295"
"7/30/2021","296","304","296","304"
"7/31/2021","299","300.41","295","300.41"
"8/1/2021","299","300.41","295","300.41"
"8/2/2021","299","300.41","295","300.41"
"8/3/2021","302","303.4","297","299.1"
"8/4/2021","303.3","303.3","294","301"
"8/5/2021","295","300","294.2","300"
"8/6/2021","296","296","294","296"
"8/7/2021","293","293","288","291"
"8/8/2021","293","293","288","291"
"8/9/2021","293","293","288","291"
"8/10/2021","290.74","291","285","285"
"8/11/2021","287.51","292","287.51","292"
"8/12/2021","291","293.9","290","292"
"8/13/2021","296.8","297","294","296.85"
"8/14/2021","300","300","295","299"
"8/15/2021","300","300","295","299"
"8/16/2021","300","300","295","299"
"8/17/2021","300,022","301.5","298,201","299"
"8/18/2021","301.5","305","297.1","305"
"8/19/2021","310","312","304","309.1"
"8/20/2021","309","309,799","305","305"
"8/21/2021","307,001","309,865","306,971","308"
"8/22/2021","307,001","309,865","306,971","308"
"8/23/2021","307,001","309,865","306,971","308"
"8/24/2021","307,599","307,599","302","302"
"8/25/2021","298,001","300.5","298","299.99"
"8/26/2021","300.89","300.89","298","298.01"
"8/27/2021","298.5","300.45","298.5","299.8"
"8/28/2021","302","302","297","298"
"8/29/2021","302","302","297","298"
"8/30/2021","302","302","297","298"
"8/31/2021","297.1","298.5","296,999","298.5"
"9/1/2021","298.5","299","297","298"
"9/2/2021","298","299","296,501","298"
"9/3/2021","298.5","305","298.5","305"
"9/4/2021","302,999","302,999","299.1","302"
"9/5/2021","302,999","302,999","299.1","302"
"9/6/2021","302,999","302,999","299.1","302"
"9/7/2021","302","305.5","302","305.5"
"9/8/2021","302","305.5","302","305.5"
"9/9/2021","305,399","305,399","299","299"
"9/10/2021","297.44","299,399","297.44","299,399"
"9/11/2021","299,401","299,401","297","298"
"9/12/2021","299,401","299,401","297","298"
"9/13/2021","299,401","299,401","297","298"
"9/14/2021","299.95","303,499","297","303,499"
"9/15/2021","300.07","300.07","297.66","297.66"
"9/16/2021","295","296,999","294","294.5"
"9/17/2021","296","297,999","296","297,999"
"9/18/2021","299,699","300.5","296","299"
"9/19/2021","299,699","300.5","296","299"
"9/20/2021","299,699","300.5","296","299"
"9/21/2021","297.6","300.5","296.55","297.5"
"9/22/2021","298","298","297","297.5"
"9/23/2021","297,499","297,499","292.05","295"
"9/24/2021","296,001","297.5","296,001","297"
"9/25/2021","298","300","298","299"
"9/26/2021","298","300","298","299"
"9/27/2021","298","300","298","299"
"9/28/2021","300","301","299","300"
"9/29/2021","300","300.5","296.1","298.2"
"9/30/2021","300","305","300","304"
"10/1/2021","304","304","300","300.5"
"10/2/2021","301.8","306","301.8","306"
"10/3/2021","301.8","306","301.8","306"
"10/4/2021","301.8","306","301.8","306"
"10/5/2021","304.5","306.5","304.5","306.5"
"10/6/2021","306,001","309","306,001","306.5"
"10/7/2021","308","309","306.5","306.5"
"10/8/2021","310","310.5","307","307.1"
"10/9/2021","307.6","308.5","306","308.5"
"10/10/2021","307.6","308.5","306","308.5"
"10/11/2021","307.6","308.5","306","308.5"
"10/12/2021","310.35","316.5","309.35","314"
"10/13/2021","310.35","316.5","309.35","314"
"10/14/2021","313.5","315.5","313.5","314"
"10/15/2021","308,999","309","306","306"
"10/16/2021","309,201","310","307","308"
"10/17/2021","309,201","310","307","308"
"10/18/2021","309,201","310","307","308"
"10/19/2021","310","314.5","310","312.2"
"10/20/2021","316","318","312.3","316.5"
"10/21/2021","315.1","320","315.1","319.4"
"10/22/2021","322,001","329","316","319.7"
"10/23/2021","320.05","321.1","316","317.7"
"10/24/2021","320.05","321.1","316","317.7"
"10/25/2021","320.05","321.1","316","317.7"
"10/26/2021","314.5","317.9","314.5","316.5"
"10/27/2021","316,558","317.75","314.55","317.75"
"10/28/2021","320","321.86","319","321.86"
"10/29/2021","321","321","318.5","318.5"
"10/30/2021","322","323.03","320","321.8"
"10/31/2021","322","323.03","320","321.8"
"11/1/2021","322","323.03","320","321.8"
"11/2/2021","317,701","317,701","313","315"
"11/3/2021","317,701","317,701","313","315"
"11/4/2021","316,101","319","316.05","318.5"
"11/5/2021","318.45","318.45","315.3","318"
"11/6/2021","320,651","322.5","319.2","320.5"
"11/7/2021","320,651","322.5","319.2","320.5"
"11/8/2021","320,651","322.5","319.2","320.5"
"11/9/2021","318.5","320","316.7","319"
"11/10/2021","317","322.5","317","321.5"
"11/11/2021","321.05","321.05","317.51","318.4"
"11/12/2021","317,105","323.5","317,105","323.5"
"11/13/2021","322,501","323.9","320","322"
"11/14/2021","322,501","323.9","320","322"
"11/15/2021","322,501","323.9","320","322"
"11/16/2021","322,501","323.9","320","322"
"11/17/2021","324.5","327","322","326.1"
"11/18/2021","326,501","328","325.1","327.5"
"11/19/2021","327.51","328.5","324.1","328.5"
"11/20/2021","323,003","323,003","320","320"
"11/21/2021","323,003","323,003","320","320"
"11/22/2021","323,003","323,003","320","320"
"11/23/2021","323,999","323,999","318.2","318.5"
"11/24/2021","318.5","318.5","315.11","316.2"
"11/25/2021","315","315.8","314.5","315"
"11/26/2021","320,001","322,987","315.1","315.51"
"11/27/2021","317,041","319","317,041","318"
"11/28/2021","317,041","319","317,041","318"
"11/29/2021","317,041","319","317,041","318"
"11/30/2021","318.2","320.4","318","320"
"12/1/2021","317.01","320.2","317.01","320.2"
"12/2/2021","317,499","318","314","315.3"
"12/3/2021","315","321","313","320.5"
"12/4/2021","321.1","321.5","319.01","320.3"
"12/5/2021","321.1","321.5","319.01","320.3"
"12/6/2021","321.1","321.5","319.01","320.3"
"12/7/2021","317.2","319.5","317","319.5"
"12/8/2021","315,999","315,999","313.6","314.2"
"12/9/2021","313","318","311.5","318"
"12/10/2021","313,611","317.5","313,611","317"
"12/11/2021","317,511","322.8","317.01","322"
"12/12/2021","317,511","322.8","317.01","322"
"12/13/2021","317,511","322.8","317.01","322"
"12/14/2021","319.95","319.95","319.95","319.95"
"12/15/2021","320.5","321.1","319.8","321.1"
"12/16/2021","322.25","325.2","322.25","324"
"12/17/2021","328","328","325","326,999"
"12/18/2021","325.1","326.5","324.51","325.7"
"12/19/2021","325.1","326.5","324.51","325.7"
"12/20/2021","325.1","326.5","324.51","325.7"
"12/21/2021","327,999","328","325","326"
"12/22/2021","324.7","327,998","324.5","324.5"
"12/23/2021","324","327","324","324.8"
"12/24/2021","322.96","324.5","321.51","323"
"12/25/2021","322.96","324.5","321.51","323"
"12/26/2021","322.96","324.5","321.51","323"
"12/27/2021","322.96","324.5","321.51","323"
"12/28/2021","325","325","322","322"
"12/29/2021","321","325.5","321","324.5"
"12/30/2021","324.5","330","324.5","330"
"12/31/2021","326,996","326,996","323","324"
"1/1/2022","326,996","326,996","323","324"
"1/2/2022","326,996","326,996","323","324"
"1/3/2022","326,996","326,996","323","324"
"1/4/2022","325","327","324.06","326.8"
"1/5/2022","326,101","328.5","326,101","328.5"
"1/6/2022","322.6","325.5","321.5","321.5"
"1/7/2022","322,999","323","322,999","323"
"1/8/2022","323","324","323","323.8"
"1/9/2022","323","324","323","323.8"
"1/10/2022","323","324","323","323.8"
"1/11/2022","325","325","321.5","321.5"
"1/12/2022","319,813","322","319,813","320.2"
"1/13/2022","319.6","321","318.5","321"
"1/14/2022","320,491","320,491","316","317.1"
"1/15/2022","317.09","318.6","317.09","318.4"
"1/16/2022","317.09","318.6","317.09","318.4"
"1/17/2022","317.09","318.6","317.09","318.4"
"1/18/2022","318.2","320","316.01","320"
"1/19/2022","315.1","315.3","315","315"
"1/20/2022","315.1","315.3","315","315"
"1/21/2022","318","318","315","317"
"1/22/2022","318","322","317","321"
"1/23/2022","318","322","317","321"
"1/24/2022","318","322","317","321"
"1/25/2022","321","322","319","319"
"1/26/2022","318","318.95","314","317.28"
"1/27/2022","312,001","312.5","306.52","311"
"1/28/2022","310,489","310.49","304,001","306"
"1/29/2022","305.11","305.11","301","302.5"
"1/30/2022","305.11","305.11","301","302.5"
"1/31/2022","305.11","305.11","301","302.5"
"2/1/2022","310","312.8","302","302,002"
"2/2/2022","302,041","304.98","302","304.98"
"2/3/2022","302.31","302.4","302.3","302.4"
"2/4/2022","304.1","308","303","304.5"
"2/5/2022","302.6","306.99","300.06","300.06"
"2/6/2022","302.6","306.99","300.06","300.06"
"2/7/2022","302.6","306.99","300.06","300.06"
"2/8/2022","304","306","303","306"
"2/9/2022","305.5","306","303.71","304"
"2/10/2022","302","304.9","301","304.47"
"2/11/2022","302.2","312","302","311.5"
"2/12/2022","309","312.13","308.9","312"
"2/13/2022","309","312.13","308.9","312"
"2/14/2022","309","312.13","308.9","312"
"2/15/2022","304.1","308","304.1","308"
"2/16/2022","305,801","306.5","303.33","304"
"2/17/2022","306,001","325","306,001","325"
"2/18/2022","312","312","308","310"
"2/19/2022","307","318","302.79","317"
"2/20/2022","307","318","302.79","317"
"2/21/2022","307","318","302.79","317"
"2/22/2022","308","309.5","305","305"
"2/23/2022","303.01","305.25","303","305.25"
"2/24/2022","319","323","312","317.5"
"2/25/2022","317.5","317.5","307,012","307,012"
"2/26/2022","312,501","316","311.01","315.01"
"2/27/2022","312,501","316","311.01","315.01"
"2/28/2022","312,501","316","311.01","315.01"
"3/1/2022","312,501","316","311.01","315.01"
"3/2/2022","312,501","316","311.01","315.01"
